-- ============================================================
-- 银行外汇交易系统 模拟数据脚本
-- 在 xfunds.sql 初始数据基础上补充更多业务数据
-- ============================================================

USE xfunds;

-- ============================================================
-- 一、补充牌价数据（更多货币对的远期/掉期）
-- ============================================================

-- 补充远期牌价：全部10种货币对 各 1D/SW/1M 三种期限（与即期货币对对齐）
-- 注意：买入价按总行 > 分行 > 支行 > 客户（银行赚钱）；卖出价按总行 < 分行 < 支行 < 客户
-- 远期期限：1D=隔夜到期, SW=周度(约T+7天), 1M=一个月
INSERT INTO fx_quote (quote_type, currency_pair, base_currency, quote_currency, term, maturity_date, market_mid_rate, total_buy_rate, total_sell_rate, branch_customer_buy_rate, branch_customer_sell_rate, forward_point, status, effective_time, published_by) VALUES
('FORWARD','AUD/CNY','AUD','CNY','1D',DATE_ADD(CURDATE(),INTERVAL 1 DAY),4.68500000,4.68100000,4.68900000,4.67600000,4.69400000,0.00100000,'ACTIVE',NOW(),1),
('FORWARD','AUD/CNY','AUD','CNY','SW',DATE_ADD(CURDATE(),INTERVAL 7 DAY),4.68800000,4.68400000,4.69200000,4.67900000,4.69700000,0.00300000,'ACTIVE',NOW(),1),
('FORWARD','AUD/CNY','AUD','CNY','1M',DATE_ADD(CURDATE(),INTERVAL 1 MONTH),4.69500000,4.69100000,4.69900000,4.68600000,4.70400000,0.01000000,'ACTIVE',NOW(),1),
('FORWARD','CAD/CNY','CAD','CNY','1D',DATE_ADD(CURDATE(),INTERVAL 1 DAY),5.21500000,5.21100000,5.21900000,5.20600000,5.22400000,0.00100000,'ACTIVE',NOW(),1),
('FORWARD','CAD/CNY','CAD','CNY','SW',DATE_ADD(CURDATE(),INTERVAL 7 DAY),5.21800000,5.21400000,5.22200000,5.20900000,5.22700000,0.00300000,'ACTIVE',NOW(),1),
('FORWARD','CAD/CNY','CAD','CNY','1M',DATE_ADD(CURDATE(),INTERVAL 1 MONTH),5.22500000,5.22100000,5.22900000,5.21600000,5.23400000,0.01000000,'ACTIVE',NOW(),1),
('FORWARD','CHF/CNY','CHF','CNY','1D',DATE_ADD(CURDATE(),INTERVAL 1 DAY),8.01500000,8.01100000,8.01900000,8.00600000,8.02400000,0.00100000,'ACTIVE',NOW(),1),
('FORWARD','CHF/CNY','CHF','CNY','SW',DATE_ADD(CURDATE(),INTERVAL 7 DAY),8.01800000,8.01400000,8.02200000,8.00900000,8.02700000,0.00300000,'ACTIVE',NOW(),1),
('FORWARD','CHF/CNY','CHF','CNY','1M',DATE_ADD(CURDATE(),INTERVAL 1 MONTH),8.02500000,8.02100000,8.02900000,8.01600000,8.03400000,0.01000000,'ACTIVE',NOW(),1),
('FORWARD','EUR/CNY','EUR','CNY','1D',DATE_ADD(CURDATE(),INTERVAL 1 DAY),7.68500000,7.68100000,7.68900000,7.67600000,7.69400000,0.00100000,'ACTIVE',NOW(),1),
('FORWARD','EUR/CNY','EUR','CNY','SW',DATE_ADD(CURDATE(),INTERVAL 7 DAY),7.68800000,7.68400000,7.69200000,7.67900000,7.69700000,0.00300000,'ACTIVE',NOW(),1),
('FORWARD','EUR/CNY','EUR','CNY','1M',DATE_ADD(CURDATE(),INTERVAL 1 MONTH),7.69500000,7.69100000,7.69900000,7.68600000,7.70400000,0.01000000,'ACTIVE',NOW(),1),
('FORWARD','GBP/CNY','GBP','CNY','1D',DATE_ADD(CURDATE(),INTERVAL 1 DAY),9.01200000,9.00800000,9.01600000,9.00300000,9.02100000,0.00100000,'ACTIVE',NOW(),1),
('FORWARD','GBP/CNY','GBP','CNY','SW',DATE_ADD(CURDATE(),INTERVAL 7 DAY),9.01500000,9.01100000,9.01900000,9.00600000,9.02400000,0.00300000,'ACTIVE',NOW(),1),
('FORWARD','GBP/CNY','GBP','CNY','1M',DATE_ADD(CURDATE(),INTERVAL 1 MONTH),9.02200000,9.01800000,9.02600000,9.01300000,9.03100000,0.01000000,'ACTIVE',NOW(),1),
('FORWARD','HKD/CNY','HKD','CNY','1D',DATE_ADD(CURDATE(),INTERVAL 1 DAY),0.91200000,0.91120000,0.91280000,0.91000000,0.91400000,0.00010000,'ACTIVE',NOW(),1),
('FORWARD','HKD/CNY','HKD','CNY','SW',DATE_ADD(CURDATE(),INTERVAL 7 DAY),0.91230000,0.91150000,0.91310000,0.91030000,0.91430000,0.00030000,'ACTIVE',NOW(),1),
('FORWARD','HKD/CNY','HKD','CNY','1M',DATE_ADD(CURDATE(),INTERVAL 1 MONTH),0.91300000,0.91220000,0.91380000,0.91100000,0.91500000,0.00100000,'ACTIVE',NOW(),1),
('FORWARD','JPY/CNY','JPY','CNY','1D',DATE_ADD(CURDATE(),INTERVAL 1 DAY),0.04650000,0.04635000,0.04665000,0.04615000,0.04675000,0.00001000,'ACTIVE',NOW(),1),
('FORWARD','JPY/CNY','JPY','CNY','SW',DATE_ADD(CURDATE(),INTERVAL 7 DAY),0.04655000,0.04640000,0.04670000,0.04620000,0.04680000,0.00005000,'ACTIVE',NOW(),1),
('FORWARD','JPY/CNY','JPY','CNY','1M',DATE_ADD(CURDATE(),INTERVAL 1 MONTH),0.04660000,0.04645000,0.04675000,0.04625000,0.04685000,0.00020000,'ACTIVE',NOW(),1),
('FORWARD','NTD/CNY','NTD','CNY','1D',DATE_ADD(CURDATE(),INTERVAL 1 DAY),0.22050000,0.22010000,0.22090000,0.21960000,0.22140000,0.00001000,'ACTIVE',NOW(),1),
('FORWARD','NTD/CNY','NTD','CNY','SW',DATE_ADD(CURDATE(),INTERVAL 7 DAY),0.22080000,0.22040000,0.22120000,0.21990000,0.22170000,0.00012000,'ACTIVE',NOW(),1),
('FORWARD','NTD/CNY','NTD','CNY','1M',DATE_ADD(CURDATE(),INTERVAL 1 MONTH),0.22150000,0.22110000,0.22190000,0.22060000,0.22240000,0.00050000,'ACTIVE',NOW(),1),
('FORWARD','SGD/CNY','SGD','CNY','1D',DATE_ADD(CURDATE(),INTERVAL 1 DAY),5.28500000,5.28100000,5.28900000,5.27600000,5.29400000,0.00100000,'ACTIVE',NOW(),1),
('FORWARD','SGD/CNY','SGD','CNY','SW',DATE_ADD(CURDATE(),INTERVAL 7 DAY),5.28800000,5.28400000,5.29200000,5.27900000,5.29700000,0.00300000,'ACTIVE',NOW(),1),
('FORWARD','SGD/CNY','SGD','CNY','1M',DATE_ADD(CURDATE(),INTERVAL 1 MONTH),5.29500000,5.29100000,5.29900000,5.28600000,5.30400000,0.01000000,'ACTIVE',NOW(),1),
('FORWARD','USD/CNY','USD','CNY','1D',DATE_ADD(CURDATE(),INTERVAL 1 DAY),7.12340000,7.11980000,7.12700000,7.11480000,7.13200000,0.00100000,'ACTIVE',NOW(),1),
('FORWARD','USD/CNY','USD','CNY','SW',DATE_ADD(CURDATE(),INTERVAL 7 DAY),7.12600000,7.12240000,7.12960000,7.11740000,7.13460000,0.00300000,'ACTIVE',NOW(),1),
('FORWARD','USD/CNY','USD','CNY','1M',DATE_ADD(CURDATE(),INTERVAL 1 MONTH),7.13300000,7.12940000,7.13660000,7.12440000,7.14160000,0.01000000,'ACTIVE',NOW(),1);

-- 补充掉期牌价：全部10种货币对 各 ON/TN/SN/SW/1M 五种期限（与即期货币对对齐）
-- 掉期期限：ON=Overnight(T+0/T+1), TN=Tomorrow-Next(T+1/T+2)
--           SN=Spot-Next(T+2/T+3), SW=Spot-Week(T+2/T+2+7天), 1M=Spot-One-Month(T+2/T+2+1月)
INSERT INTO fx_quote (quote_type, currency_pair, base_currency, quote_currency, term, maturity_date, market_mid_rate, total_buy_rate, total_sell_rate, branch_customer_buy_rate, branch_customer_sell_rate, swap_point, status, effective_time, published_by) VALUES
('SWAP','AUD/CNY','AUD','CNY','ON',DATE_ADD(CURDATE(),INTERVAL 1 DAY),4.68500000,4.68200000,4.68800000,4.67700000,4.69300000,0.00100000,'ACTIVE',NOW(),1),
('SWAP','AUD/CNY','AUD','CNY','TN',DATE_ADD(CURDATE(),INTERVAL 2 DAY),4.68500000,4.68200000,4.68800000,4.67700000,4.69300000,0.00200000,'ACTIVE',NOW(),1),
('SWAP','AUD/CNY','AUD','CNY','SN',DATE_ADD(CURDATE(),INTERVAL 3 DAY),4.68500000,4.68200000,4.68800000,4.67700000,4.69300000,0.00300000,'ACTIVE',NOW(),1),
('SWAP','AUD/CNY','AUD','CNY','SW',DATE_ADD(CURDATE(),INTERVAL 9 DAY),4.68800000,4.68500000,4.69100000,4.68000000,4.69600000,0.00500000,'ACTIVE',NOW(),1),
('SWAP','AUD/CNY','AUD','CNY','1M',DATE_ADD(CURDATE(),INTERVAL 1 MONTH),4.69500000,4.69200000,4.69800000,4.68700000,4.70300000,0.01000000,'ACTIVE',NOW(),1),
('SWAP','CAD/CNY','CAD','CNY','ON',DATE_ADD(CURDATE(),INTERVAL 1 DAY),5.21500000,5.21200000,5.21800000,5.20700000,5.22300000,0.00100000,'ACTIVE',NOW(),1),
('SWAP','CAD/CNY','CAD','CNY','TN',DATE_ADD(CURDATE(),INTERVAL 2 DAY),5.21500000,5.21200000,5.21800000,5.20700000,5.22300000,0.00200000,'ACTIVE',NOW(),1),
('SWAP','CAD/CNY','CAD','CNY','SN',DATE_ADD(CURDATE(),INTERVAL 3 DAY),5.21500000,5.21200000,5.21800000,5.20700000,5.22300000,0.00300000,'ACTIVE',NOW(),1),
('SWAP','CAD/CNY','CAD','CNY','SW',DATE_ADD(CURDATE(),INTERVAL 9 DAY),5.21800000,5.21500000,5.22100000,5.21000000,5.22600000,0.00500000,'ACTIVE',NOW(),1),
('SWAP','CAD/CNY','CAD','CNY','1M',DATE_ADD(CURDATE(),INTERVAL 1 MONTH),5.22500000,5.22200000,5.22800000,5.21700000,5.23300000,0.01000000,'ACTIVE',NOW(),1),
('SWAP','CHF/CNY','CHF','CNY','ON',DATE_ADD(CURDATE(),INTERVAL 1 DAY),8.01500000,8.01200000,8.01800000,8.00700000,8.02300000,0.00100000,'ACTIVE',NOW(),1),
('SWAP','CHF/CNY','CHF','CNY','TN',DATE_ADD(CURDATE(),INTERVAL 2 DAY),8.01500000,8.01200000,8.01800000,8.00700000,8.02300000,0.00200000,'ACTIVE',NOW(),1),
('SWAP','CHF/CNY','CHF','CNY','SN',DATE_ADD(CURDATE(),INTERVAL 3 DAY),8.01500000,8.01200000,8.01800000,8.00700000,8.02300000,0.00300000,'ACTIVE',NOW(),1),
('SWAP','CHF/CNY','CHF','CNY','SW',DATE_ADD(CURDATE(),INTERVAL 9 DAY),8.01800000,8.01500000,8.02100000,8.01000000,8.02600000,0.00500000,'ACTIVE',NOW(),1),
('SWAP','CHF/CNY','CHF','CNY','1M',DATE_ADD(CURDATE(),INTERVAL 1 MONTH),8.02500000,8.02200000,8.02800000,8.01700000,8.03300000,0.01000000,'ACTIVE',NOW(),1),
('SWAP','EUR/CNY','EUR','CNY','ON',DATE_ADD(CURDATE(),INTERVAL 1 DAY),7.68500000,7.68200000,7.68800000,7.67700000,7.69300000,0.00100000,'ACTIVE',NOW(),1),
('SWAP','EUR/CNY','EUR','CNY','TN',DATE_ADD(CURDATE(),INTERVAL 2 DAY),7.68500000,7.68200000,7.68800000,7.67700000,7.69300000,0.00200000,'ACTIVE',NOW(),1),
('SWAP','EUR/CNY','EUR','CNY','SN',DATE_ADD(CURDATE(),INTERVAL 3 DAY),7.68500000,7.68200000,7.68800000,7.67700000,7.69300000,0.00300000,'ACTIVE',NOW(),1),
('SWAP','EUR/CNY','EUR','CNY','SW',DATE_ADD(CURDATE(),INTERVAL 9 DAY),7.68800000,7.68500000,7.69100000,7.68000000,7.69600000,0.00500000,'ACTIVE',NOW(),1),
('SWAP','EUR/CNY','EUR','CNY','1M',DATE_ADD(CURDATE(),INTERVAL 1 MONTH),7.69500000,7.69200000,7.69800000,7.68700000,7.70300000,0.01000000,'ACTIVE',NOW(),1),
('SWAP','GBP/CNY','GBP','CNY','ON',DATE_ADD(CURDATE(),INTERVAL 1 DAY),9.01200000,9.00900000,9.01500000,9.00400000,9.02000000,0.00100000,'ACTIVE',NOW(),1),
('SWAP','GBP/CNY','GBP','CNY','TN',DATE_ADD(CURDATE(),INTERVAL 2 DAY),9.01200000,9.00900000,9.01500000,9.00400000,9.02000000,0.00200000,'ACTIVE',NOW(),1),
('SWAP','GBP/CNY','GBP','CNY','SN',DATE_ADD(CURDATE(),INTERVAL 3 DAY),9.01200000,9.00900000,9.01500000,9.00400000,9.02000000,0.00300000,'ACTIVE',NOW(),1),
('SWAP','GBP/CNY','GBP','CNY','SW',DATE_ADD(CURDATE(),INTERVAL 9 DAY),9.01500000,9.01200000,9.01800000,9.00700000,9.02300000,0.00500000,'ACTIVE',NOW(),1),
('SWAP','GBP/CNY','GBP','CNY','1M',DATE_ADD(CURDATE(),INTERVAL 1 MONTH),9.02200000,9.01900000,9.02500000,9.01400000,9.03000000,0.01000000,'ACTIVE',NOW(),1),
('SWAP','HKD/CNY','HKD','CNY','ON',DATE_ADD(CURDATE(),INTERVAL 1 DAY),0.91200000,0.91130000,0.91270000,0.90990000,0.91410000,0.00010000,'ACTIVE',NOW(),1),
('SWAP','HKD/CNY','HKD','CNY','TN',DATE_ADD(CURDATE(),INTERVAL 2 DAY),0.91200000,0.91130000,0.91270000,0.90990000,0.91410000,0.00020000,'ACTIVE',NOW(),1),
('SWAP','HKD/CNY','HKD','CNY','SN',DATE_ADD(CURDATE(),INTERVAL 3 DAY),0.91220000,0.91150000,0.91290000,0.91010000,0.91430000,0.00040000,'ACTIVE',NOW(),1),
('SWAP','HKD/CNY','HKD','CNY','SW',DATE_ADD(CURDATE(),INTERVAL 9 DAY),0.91250000,0.91180000,0.91320000,0.91050000,0.91460000,0.00080000,'ACTIVE',NOW(),1),
('SWAP','HKD/CNY','HKD','CNY','1M',DATE_ADD(CURDATE(),INTERVAL 1 MONTH),0.91300000,0.91230000,0.91280000,0.91100000,0.91500000,0.00100000,'ACTIVE',NOW(),1),
('SWAP','JPY/CNY','JPY','CNY','ON',DATE_ADD(CURDATE(),INTERVAL 1 DAY),0.04650000,0.04625000,0.04665000,0.04615000,0.04675000,0.00001000,'ACTIVE',NOW(),1),
('SWAP','JPY/CNY','JPY','CNY','TN',DATE_ADD(CURDATE(),INTERVAL 2 DAY),0.04650000,0.04625000,0.04665000,0.04615000,0.04675000,0.00002000,'ACTIVE',NOW(),1),
('SWAP','JPY/CNY','JPY','CNY','SN',DATE_ADD(CURDATE(),INTERVAL 3 DAY),0.04655000,0.04630000,0.04670000,0.04620000,0.04680000,0.00005000,'ACTIVE',NOW(),1),
('SWAP','JPY/CNY','JPY','CNY','SW',DATE_ADD(CURDATE(),INTERVAL 9 DAY),0.04660000,0.04635000,0.04675000,0.04625000,0.04685000,0.00010000,'ACTIVE',NOW(),1),
('SWAP','JPY/CNY','JPY','CNY','1M',DATE_ADD(CURDATE(),INTERVAL 1 MONTH),0.04670000,0.04645000,0.04685000,0.04635000,0.04695000,0.00020000,'ACTIVE',NOW(),1),
('SWAP','NTD/CNY','NTD','CNY','ON',DATE_ADD(CURDATE(),INTERVAL 1 DAY),0.22050000,0.22020000,0.22080000,0.21960000,0.22140000,0.00001000,'ACTIVE',NOW(),1),
('SWAP','NTD/CNY','NTD','CNY','TN',DATE_ADD(CURDATE(),INTERVAL 2 DAY),0.22050000,0.22020000,0.22080000,0.21960000,0.22140000,0.00002000,'ACTIVE',NOW(),1),
('SWAP','NTD/CNY','NTD','CNY','SN',DATE_ADD(CURDATE(),INTERVAL 3 DAY),0.22060000,0.22030000,0.22090000,0.21970000,0.22150000,0.00005000,'ACTIVE',NOW(),1),
('SWAP','NTD/CNY','NTD','CNY','SW',DATE_ADD(CURDATE(),INTERVAL 9 DAY),0.22070000,0.22040000,0.22100000,0.21980000,0.22160000,0.00012000,'ACTIVE',NOW(),1),
('SWAP','NTD/CNY','NTD','CNY','1M',DATE_ADD(CURDATE(),INTERVAL 1 MONTH),0.22100000,0.22070000,0.22130000,0.22010000,0.22190000,0.00050000,'ACTIVE',NOW(),1),
('SWAP','SGD/CNY','SGD','CNY','ON',DATE_ADD(CURDATE(),INTERVAL 1 DAY),5.28500000,5.28200000,5.28800000,5.27700000,5.29300000,0.00100000,'ACTIVE',NOW(),1),
('SWAP','SGD/CNY','SGD','CNY','TN',DATE_ADD(CURDATE(),INTERVAL 2 DAY),5.28500000,5.28200000,5.28800000,5.27700000,5.29300000,0.00200000,'ACTIVE',NOW(),1),
('SWAP','SGD/CNY','SGD','CNY','SN',DATE_ADD(CURDATE(),INTERVAL 3 DAY),5.28500000,5.28200000,5.28800000,5.27700000,5.29300000,0.00300000,'ACTIVE',NOW(),1),
('SWAP','SGD/CNY','SGD','CNY','SW',DATE_ADD(CURDATE(),INTERVAL 9 DAY),5.28800000,5.28500000,5.29100000,5.28000000,5.29600000,0.00500000,'ACTIVE',NOW(),1),
('SWAP','SGD/CNY','SGD','CNY','1M',DATE_ADD(CURDATE(),INTERVAL 1 MONTH),5.29500000,5.29200000,5.29800000,5.28700000,5.30300000,0.01000000,'ACTIVE',NOW(),1),
('SWAP','USD/CNY','USD','CNY','ON',DATE_ADD(CURDATE(),INTERVAL 1 DAY),7.12340000,7.12000000,7.12600000,7.11700000,7.12900000,0.00100000,'ACTIVE',NOW(),1),
('SWAP','USD/CNY','USD','CNY','TN',DATE_ADD(CURDATE(),INTERVAL 2 DAY),7.12340000,7.12000000,7.12600000,7.11700000,7.12900000,0.00200000,'ACTIVE',NOW(),1),
('SWAP','USD/CNY','USD','CNY','SN',DATE_ADD(CURDATE(),INTERVAL 3 DAY),7.12340000,7.12000000,7.12600000,7.11700000,7.12900000,0.00300000,'ACTIVE',NOW(),1),
('SWAP','USD/CNY','USD','CNY','SW',DATE_ADD(CURDATE(),INTERVAL 9 DAY),7.12600000,7.12240000,7.12960000,7.11840000,7.13320000,0.00500000,'ACTIVE',NOW(),1),
('SWAP','USD/CNY','USD','CNY','1M',DATE_ADD(CURDATE(),INTERVAL 1 MONTH),7.13300000,7.12940000,7.13660000,7.12540000,7.14020000,0.01000000,'ACTIVE',NOW(),1);

-- ============================================================
-- 二、补充客户数据
-- ============================================================

INSERT INTO fx_customer (customer_id, customer_name, customer_type, id_type, id_no, org_code, credit_level, status, contact_person, contact_phone) VALUES
('C20240003', '深圳科技集团', 'CORP', 'USCC', '91440300MA01GHI789', '110000', 'AA', '1', '陈总', '13700137003'),
('C20240004', '广州制造有限公司', 'CORP', 'USCC', '91440100MA01JKL012', '110000', 'A', '1', '赵经理', '13600136004'),
('C20240005', '杭州电子商务公司', 'CORP', 'USCC', '91330100MA01MNO345', '110000', 'BBB', '1', '孙总监', '13500135005');

-- 补充客户账户
INSERT INTO fx_customer_account (customer_id, account_no, currency, account_type, balance, frozen_amount, status) VALUES
('C20240003', '6222000300000001', 'USD', 'SPOT', 2000000.00, 0.00, '1'),
('C20240003', '6222000300000002', 'CNY', 'SPOT', 8000000.00, 0.00, '1'),
('C20240003', '6222000300000003', 'EUR', 'SPOT', 500000.00, 0.00, '1'),
('C20240004', '6222000400000001', 'USD', 'SPOT', 800000.00, 0.00, '1'),
('C20240004', '6222000400000002', 'CNY', 'SPOT', 4000000.00, 0.00, '1'),
('C20240005', '6222000500000001', 'USD', 'SPOT', 300000.00, 0.00, '1'),
('C20240005', '6222000500000002', 'CNY', 'SPOT', 2000000.00, 0.00, '1');

-- 补充客户余额
INSERT INTO fx_customer_balance (customer_id, currency, balance_amount, frozen_amount) VALUES
('C20240003', 'USD', 2000000.00, 0.00),
('C20240003', 'CNY', 8000000.00, 0.00),
('C20240003', 'EUR', 500000.00, 0.00),
('C20240004', 'USD', 800000.00, 0.00),
('C20240004', 'CNY', 4000000.00, 0.00),
('C20240005', 'USD', 300000.00, 0.00),
('C20240005', 'CNY', 2000000.00, 0.00);

-- ============================================================
-- 三、客户授信额度
-- ============================================================

INSERT INTO fx_credit_limit (customer_id, currency, credit_limit_amount, used_amount, available_amount, status) VALUES
('C20240001', 'CNY', 50000000.00, 5000000.00, 45000000.00, '1'),
('C20240001', 'USD', 5000000.00, 500000.00, 4500000.00, '1'),
('C20240002', 'CNY', 30000000.00, 3000000.00, 27000000.00, '1'),
('C20240002', 'USD', 3000000.00, 300000.00, 2700000.00, '1'),
('C20240003', 'CNY', 80000000.00, 8000000.00, 72000000.00, '1'),
('C20240003', 'USD', 8000000.00, 800000.00, 7200000.00, '1'),
('C20240004', 'CNY', 20000000.00, 2000000.00, 18000000.00, '1'),
('C20240004', 'USD', 2000000.00, 200000.00, 1800000.00, '1'),
('C20240005', 'CNY', 10000000.00, 1000000.00, 9000000.00, '1'),
('C20240005', 'USD', 1000000.00, 100000.00, 900000.00, '1');

-- ============================================================
-- 四、保证金账户
-- ============================================================

INSERT INTO fx_margin_account (margin_account_id, customer_id, currency, balance, frozen_amount, occupied_amount, status) VALUES
('MA20240001', 'C20240001', 'CNY', 500000.00, 0.00, 200000.00, '1'),
('MA20240002', 'C20240002', 'CNY', 300000.00, 0.00, 150000.00, '1'),
('MA20240003', 'C20240003', 'CNY', 800000.00, 0.00, 400000.00, '1'),
('MA20240004', 'C20240004', 'CNY', 200000.00, 0.00, 100000.00, '1'),
('MA20240005', 'C20240005', 'CNY', 100000.00, 0.00, 50000.00, '1');

-- ============================================================
-- 五、即期交易数据（不同状态）
-- ============================================================

-- 交易主表 - 即期
INSERT INTO fx_trade_master (trade_id, business_no, trade_type, status, branch_code, customer_id, customer_name, base_currency, quote_currency, currency_pair, notional_amount, counter_amount, trade_direction, value_date, trade_date, delivery_type, settlement_method, spot_rate, customer_rate, cost_rate, maker_id, checker_id, authorizer_id, make_time, check_time, authorize_time, purpose_code, rcpmis_report_flag, version) VALUES
('SPOT20260620001', 'XF-SPOT-20260620001', 'SPOT', 'SETTLED', '110000', 'C20240001', '北京科技有限公司', 'USD', 'CNY', 'USD/CNY', 100000.00, 711500.00, 'BUY', '2026-06-22', '2026-06-20', 'T2', 'FULL', 7.12340000, 7.11500000, 7.12000000, 2, 3, 1, '2026-06-20 09:30:00', '2026-06-20 10:00:00', '2026-06-20 10:30:00', 'TRADE_PAYMENT', 'Y', 1),
('SPOT202606210001', 'XF-SPOT-202606210001', 'SPOT', 'SETTLED', '110000', 'C20240002', '上海贸易股份有限公司', 'USD', 'CNY', 'USD/CNY', 50000.00, 356590.00, 'SELL', '2026-06-23', '2026-06-21', 'T2', 'FULL', 7.12340000, 7.13180000, 7.12680000, 2, 3, 1, '2026-06-21 14:20:00', '2026-06-21 14:50:00', '2026-06-21 15:00:00', 'TRADE_PAYMENT', 'Y', 1),
('SPOT202606230001', 'XF-SPOT-202606230001', 'SPOT', 'ACTIVE', '110000', 'C20240003', '深圳科技集团', 'EUR', 'CNY', 'EUR/CNY', 80000.00, 614000.00, 'BUY', '2026-06-25', '2026-06-23', 'T2', 'FULL', 7.68500000, 7.67500000, 7.68000000, 2, 3, 1, '2026-06-23 10:15:00', '2026-06-23 10:40:00', '2026-06-23 11:00:00', 'TRADE_PAYMENT', 'Y', 1),
('SPOT202606240001', 'XF-SPOT-202606240001', 'SPOT', 'ACTIVE', '110000', 'C20240001', '北京科技有限公司', 'JPY', 'CNY', 'JPY/CNY', 5000000.00, 230750.00, 'BUY', '2026-06-26', '2026-06-24', 'T2', 'FULL', 0.04650000, 0.04615000, 0.04640000, 2, 3, 1, '2026-06-24 09:45:00', '2026-06-24 10:15:00', '2026-06-24 10:30:00', 'TRADE_PAYMENT', 'Y', 1),
('SPOT202606250001', 'XF-SPOT-202606250001', 'SPOT', 'PENDING_CHECK', '110000', 'C20240004', '广州制造有限公司', 'USD', 'CNY', 'USD/CNY', 200000.00, 1423600.00, 'BUY', '2026-06-27', '2026-06-25', 'T2', 'FULL', 7.12340000, 7.11500000, 7.12000000, 2, NULL, NULL, '2026-06-25 08:30:00', NULL, NULL, 'TRADE_PAYMENT', 'N', 0);

-- 即期交易子表
INSERT INTO fx_spot_trade (trade_id, settlement_type, spot_rate, customer_rate, cost_rate, currency1_account, currency2_account, margin_account_id, margin_amount, amount) VALUES
('SPOT20260620001', 'T2', 7.12340000, 7.11500000, 7.12000000, '6222000100000001', '6222000100000002', NULL, 0.00, 100000.00),
('SPOT202606210001', 'T2', 7.12340000, 7.13180000, 7.12680000, '6222000200000001', '6222000200000002', NULL, 0.00, 50000.00),
('SPOT202606230001', 'T2', 7.68500000, 7.67500000, 7.6800000, '6222000300000003', '6222000300000002', NULL, 0.00, 80000.00),
('SPOT202606240001', 'T2', 0.04650000, 0.04615000, 0.04640000, '6222000100000001', '6222000100000002', NULL, 0.00, 5000000.00),
('SPOT202606250001', 'T2', 7.12340000, 7.11500000, 7.12000000, '6222000400000001', '6222000400000002', NULL, 0.00, 200000.00);

-- ============================================================
-- 六、远期交易数据（不同状态）
-- ============================================================

INSERT INTO fx_trade_master (trade_id, business_no, trade_type, status, branch_code, customer_id, customer_name, base_currency, quote_currency, currency_pair, notional_amount, counter_amount, trade_direction, value_date, trade_date, maturity_date, delivery_type, settlement_method, spot_rate, customer_rate, cost_rate, maker_id, checker_id, authorizer_id, make_time, check_time, authorize_time, purpose_code, rcpmis_report_flag, version) VALUES
('FW20260320001', 'XF-FW-20260320001', 'FORWARD', 'MATURED', '110000', 'C20240001', '北京科技有限公司', 'USD', 'CNY', 'USD/CNY', 300000.00, 2137800.00, 'BUY', '2026-03-22', '2026-03-20', '2026-06-22', 'T2', 'FULL', 7.12340000, 7.12600000, 7.12500000, 2, 3, 1, '2026-03-20 10:00:00', '2026-03-20 10:30:00', '2026-03-20 11:00:00', 'HEDGE', 'Y', 1),
('FW202603250001', 'XF-FW-202603250001', 'FORWARD', 'MATURED', '110000', 'C20240002', '上海贸易股份有限公司', 'USD', 'CNY', 'USD/CNY', 200000.00, 1433200.00, 'SELL', '2026-03-27', '2026-03-25', '2026-06-27', 'T2', 'FULL', 7.12340000, 7.16600000, 7.16000000, 2, 3, 1, '2026-03-25 14:00:00', '2026-03-25 14:50:00', '2026-03-25 15:00:00', 'HEDGE', 'Y', 1),
('FW20260620001', 'XF-FW-20260620001', 'FORWARD', 'ACTIVE', '110000', 'C20240003', '深圳科技集团', 'USD', 'CNY', 'USD/CNY', 500000.00, 3579500.00, 'BUY', '2026-06-22', '2026-06-20', '2026-09-22', 'T2', 'FULL', 7.12340000, 7.15900000, 7.15400000, 2, 3, 1, '2026-06-20 10:30:00', '2026-06-20 11:00:00', '2026-06-20 11:30:00', 'HEDGE', 'Y', 1),
('FW202606220001', 'XF-FW-202606220001', 'FORWARD', 'ACTIVE', '110000', 'C20240001', '北京科技有限公司', 'EUR', 'CNY', 'EUR/CNY', 200000.00, 1543200.00, 'SELL', '2026-06-24', '2026-06-22', '2026-09-24', 'T2', 'FULL', 7.68500000, 7.71600000, 7.71000000, 2, 3, 1, '2026-06-22 09:20:00', '2026-06-22 09:50:00', '2026-06-22 10:10:00', 'HEDGE', 'Y', 1),
('FW202606250001', 'XF-FW-202606250001', 'FORWARD', 'PENDING_CHECK', '110000', 'C20240004', '广州制造有限公司', 'USD', 'CNY', 'USD/CNY', 400000.00, 2874400.00, 'BUY', '2026-06-27', '2026-06-25', '2026-09-27', 'T2', 'FULL', 7.12340000, 7.18600000, 7.18000000, 2, NULL, NULL, '2026-06-25 09:00:00', NULL, NULL, 'HEDGE', 'N', 0);

-- 远期交易子表
INSERT INTO fx_forward_trade (trade_id, maturity_date, forward_rate, forward_point, settlement_method, net_settlement_amount, margin_account_id, margin_amount, amount, is_rolled_over, original_trade_id, early_delivery_flag, early_default_flag) VALUES
('FW20260320001', '2026-06-22', 7.12600000, 0.01160000, 'FULL', 0.00, 'MA20240001', 150000.00, 300000.00, 'N', NULL, 'N', 'N'),
('FW202603250001', '2026-06-27', 7.16600000, 0.03460000, 'FULL', 0.00, 'MA20240002', 100000.00, 200000.00, 'N', NULL, 'N', 'N'),
('FW20260620001', '2026-09-22', 7.15900000, 0.03460000, 'FULL', 0.00, 'MA20240003', 250000.00, 500000.00, 'N', NULL, 'N', 'N'),
('FW202606220001', '2026-09-24', 7.71600000, 0.04000000, 'FULL', 0.00, 'MA20240001', 100000.00, 200000.00, 'N', NULL, 'N', 'N'),
('FW202606250001', '2026-09-27', 7.18600000, 0.07160000, 'FULL', 0.00, 'MA20240004', 200000.00, 400000.00, 'N', NULL, 'N', 'N');

-- ============================================================
-- 七、掉期交易数据
-- ============================================================

INSERT INTO fx_trade_master (trade_id, business_no, trade_type, status, branch_code, customer_id, customer_name, base_currency, quote_currency, currency_pair, notional_amount, counter_amount, trade_direction, value_date, trade_date, maturity_date, delivery_type, settlement_method, spot_rate, customer_rate, cost_rate, maker_id, checker_id, authorizer_id, make_time, check_time, authorize_time, purpose_code, rcpmis_report_flag, version) VALUES
('SW20260520001', 'XF-SW-20260520001', 'SWAP', 'ACTIVE', '110000', 'C20240001', '北京科技有限公司', 'USD', 'CNY', 'USD/CNY', 300000.00, 2137020.00, 'BUY', '2026-05-22', '2026-05-20', '2026-06-22', 'T2', 'FULL', 7.12340000, 7.12340000, 7.12340000, 2, 3, 1, '2026-05-20 10:00:00', '2026-05-20 10:30:00', '2026-05-20 11:00:00', 'HEDGE', 'Y', 1),
('SW20260610001', 'XF-SW-20260610001', 'SWAP', 'ACTIVE', '110000', 'C20240003', '深圳科技集团', 'USD', 'CNY', 'USD/CNY', 500000.00, 3561700.00, 'SELL', '2026-06-12', '2026-06-10', '2026-07-12', 'T2', 'FULL', 7.12340000, 7.12340000, 7.12340000, 2, 3, 1, '2026-06-10 14:00:00', '2026-06-10 14:50:00', '2026-06-10 15:00:00', 'HEDGE', 'Y', 1),
('SW202606240001', 'XF-SW-202606240001', 'SWAP', 'PENDING_CHECK', '110000', 'C20240002', '上海贸易股份有限公司', 'EUR', 'CNY', 'EUR/CNY', 100000.00, 768500.00, 'BUY', '2026-06-26', '2026-06-24', '2026-07-26', 'T2', 'FULL', 7.68500000, 7.68500000, 7.68500000, 2, NULL, NULL, '2026-06-24 15:30:00', NULL, NULL, 'HEDGE', 'N', 0);

-- 掉期交易子表
INSERT INTO fx_swap_trade (trade_id, swap_type, near_leg_direction, near_leg_amount, near_leg_rate, near_leg_value_date, near_leg_account, far_leg_direction, far_leg_amount, far_leg_rate, far_leg_value_date, far_leg_account, swap_point, near_spot_rate, is_pure_swap) VALUES
('SW20260520001', 'B_S', 'BUY', 300000.00, 7.12340000, '2026-05-22', '6222000100000001', 'SELL', 300000.00, 7.13500000, '2026-06-22', '6222000100000001', 0.01160000, 7.12340000, 'Y'),
('SW20260610001', 'XF-SW-20260610001', 'SELL', 500000.00, 7.12340000, '2026-06-12', '6222000300000001', 'BUY', 500000.00, 7.13500000, '2026-07-12', '6222000300000001', 0.01160000, 7.12340000, 'Y'),
('SW202606240001', 'B_S', 'BUY', 100000.00, 7.68500000, '2026-06-26', '6222000200000001', 'SELL', 100000.00, 7.69500000, '2026-07-26', '6222000200000001', 0.01000000, 7.68500000, 'Y');

-- ============================================================
-- 八、期权交易数据
-- ============================================================

INSERT INTO fx_trade_master (trade_id, business_no, trade_type, status, branch_code, customer_id, customer_name, base_currency, quote_currency, currency_pair, notional_amount, counter_amount, trade_direction, value_date, trade_date, maturity_date, delivery_type, settlement_method, spot_rate, customer_rate, cost_rate, maker_id, checker_id, authorizer_id, make_time, check_time, authorize_time, purpose_code, rcpmis_report_flag, version) VALUES
('OPT202605010001', 'XF-OPT-202605010001', 'OPTION', 'ACTIVE', '110000', 'C20240001', '北京科技有限公司', 'USD', 'CNY', 'USD/CNY', 200000.00, 1424680.00, 'BUY', '2026-05-03', '2026-05-01', '2026-08-01', 'T2', 'FULL', 7.12340000, 7.12340000, 7.12340000, 2, 3, 1, '2026-05-01 10:00:00', '2026-05-01 10:30:00', '2026-05-01 11:00:00', 'HEDGE', 'Y', 1),
('OPT202606010001', 'XF-OPT-202606010001', 'OPTION', 'ACTIVE', '110000', 'C20240003', '深圳科技集团', 'EUR', 'CNY', 'EUR/CNY', 100000.00, 768500.00, 'BUY', '2026-06-03', '2026-06-01', '2026-09-01', 'T2', 'FULL', 7.68500000, 7.68500000, 7.68500000, 2, 3, 1, '2026-06-01 14:00:00', '2026-06-01 14:50:00', '2026-06-01 15:00:00', 'HEDGE', 'Y', 1),
('OPT202606250001', 'XF-OPT-202606250001', 'OPTION', 'PENDING_CHECK', '110000', 'C20240004', '广州制造有限公司', 'USD', 'CNY', 'USD/CNY', 300000.00, 2137020.00, 'BUY', '2026-06-27', '2026-06-25', '2026-09-27', 'T2', 'FULL', 7.12340000, 7.12340000, 7.12340000, 2, NULL, NULL, '2026-06-25 09:30:00', NULL, NULL, 'HEDGE', 'N', 0);

-- 期权交易子表
INSERT INTO fx_option_trade (trade_id, option_type, option_style, strike_price, premium_amount, premium_currency, premium_value_date, premium_paid_flag, premium_account_id, maturity_date, exercise_date, exercise_flag, abandon_flag, settlement_method, buyer_seller, currency1_account, currency2_account, notional_amount, currency1_amount, currency2_amount, observation_start_date, observation_end_date, exercise_time_point, days, auto_exercise_flag, close_date, close_premium, close_pnl, closed_amount, remaining_amount, reference_rate) VALUES
('OPT202605010001', 'CALL', 'EUROPEAN', 7.15000000, 4000.00, 'CNY', '2026-05-03', 'Y', '6222000100000002', '2026-08-01', NULL, 'N', 'N', 'FULL', 'BUYER', '6222000100000001', '6222000100000002', 200000.00, 200000.00, 1430000.00, NULL, NULL, NULL, 92, 'N', NULL, 0.00, 0.00, 0.00, 200000.00, 7.12340000),
('OPT202606010001', 'PUT', 'AMERICAN', 7.70000000, 3000.00, 'CNY', '2026-06-03', 'Y', '6222000300000002', '2026-09-01', NULL, 'N', 'N', 'FULL', 'BUYER', '6222000300000003', '6222000300000002', 100000.00, 100000.00, 770000.00, '2026-06-04', '2026-09-01', NULL, 92, 'N', NULL, 0.00, 0.00, 0.00, 100000.00, 7.68500000),
('OPT202606250001', 'CALL', 'EUROPEAN', 7.18000000, 6000.00, 'CNY', '2026-06-27', 'N', '6222000400000002', '2026-09-27', NULL, 'N', 'N', 'FULL', 'BUYER', '6222000400000001', '6222000400000002', 300000.00, 300000.00, 2154000.00, NULL, NULL, NULL, 94, 'N', NULL, 0.00, 0.00, 0.00, 300000.00, 7.12340000);

-- ============================================================
-- 九、待办任务
-- ============================================================

-- admin (user_id=1) 已认领的待办任务（"我的待办"列表）
INSERT INTO fx_task (task_type, trade_id, business_key, business_type, priority, assignee_id, assignee_role, assignee_org, assignee_org_level, status, create_time, due_time, claim_time, claim_lock, payload) VALUES
('CHECK', 'SPOT202606250001', 'XF-SPOT-202606250001', 'SPOT', 1, 1, 'CHECKER', '100000', 1, 'CLAIMED', '2026-06-25 08:30:00', '2026-06-26 18:00:00', '2026-06-25 09:00:00', 'admin-1', '{"action":"check","tradeType":"SPOT"}'),
('CHECK', 'FW202606250001', 'XF-FW-202606250001', 'FORWARD', 1, 1, 'CHECKER', '100000', 1, 'CLAIMED', '2026-06-25 09:00:00', '2026-06-26 18:00:00', '2026-06-25 09:30:00', 'admin-1', '{"action":"check","tradeType":"FORWARD"}'),
('CHECK', 'SW202606240001', 'XF-SW-202606240001', 'SWAP', 1, 1, 'CHECKER', '100000', 1, 'CLAIMED', '2026-06-24 15:30:00', '2026-06-26 18:00:00', '2026-06-25 08:45:00', 'admin-1', '{"action":"check","tradeType":"SWAP"}'),
('CHECK', 'OPT202606250001', 'XF-OPT-202606250001', 'OPTION', 1, 1, 'CHECKER', '100000', 1, 'CLAIMED', '2026-06-25 09:30:00', '2026-06-26 18:00:00', '2026-06-25 10:00:00', 'admin-1', '{"action":"check","tradeType":"OPTION"}'),
('MATURITY_REMIND', 'FW20260320001', 'XF-FW-20260320001', 'FORWARD', 2, 1, 'AUTHORIZER', '100000', 1, 'CLAIMED', '2026-06-22 09:00:00', '2026-06-28 18:00:00', '2026-06-22 10:00:00', 'admin-1', '{"action":"maturity_settle","tradeType":"FORWARD"}');

-- 角色待办任务（北京分行的复核员可认领）
INSERT INTO fx_task (task_type, trade_id, business_key, business_type, priority, assignee_role, assignee_org, assignee_org_level, status, create_time, due_time, payload) VALUES
('AUTHORIZE', 'SPOT202606250001', 'XF-SPOT-202606250001', 'SPOT', 1, 'AUTHORIZER', '110000', 2, 'PENDING', '2026-06-25 08:30:00', '2026-06-27 18:00:00', '{"action":"authorize","tradeType":"SPOT"}'),
('AUTHORIZE', 'FW202606250001', 'XF-FW-202606250001', 'FORWARD', 1, 'AUTHORIZER', '110000', 2, 'PENDING', '2026-06-25 09:00:00', '2026-06-27 18:00:00', '{"action":"authorize","tradeType":"FORWARD"}'),
('MATURITY_REMIND', 'FW202603250001', 'XF-FW-202603250001', 'FORWARD', 2, 'CHECKER', '110000', 2, 'PENDING', '2026-06-25 09:00:00', '2026-06-28 18:00:00', '{"action":"maturity_settle","tradeType":"FORWARD"}');

-- ============================================================
-- 十、交易生命周期事件
-- ============================================================

INSERT INTO fx_trade_lifecycle (trade_id, event_type, event_time, operator_id, before_status, after_status, event_amount, event_rate, related_trade_id, remark) VALUES
('SPOT20260620001', 'CREATE', '2026-06-20 09:30:00', 2, NULL, 'DRAFT', 100000.00, 7.11500000, NULL, '经办创建即期交易'),
('SPOT20260620001', 'CHECK', '2026-06-20 10:00:00', 3, 'DRAFT', 'PENDING_CHECK', 100000.00, 7.11500000, NULL, '复核通过'),
('SPOT20260620001', 'AUTHORIZE', '2026-06-20 10:30:00', 1, 'PENDING_CHECK', 'ACTIVE', 100000.00, 7.11500000, NULL, '授权通过'),
('SPOT20260620001', 'SETTLE', '2026-06-22 12:00:00', 1, 'ACTIVE', 'SETTLED', 100000.00, 7.11500000, NULL, '交割完成'),
('FW20260320001', 'CREATE', '2026-03-20 10:00:00', 2, NULL, 'DRAFT', 300000.00, 7.12600000, NULL, '经办创建远期交易'),
('FW20260320001', 'AUTHORIZE', '2026-03-20 11:00:00', 1, 'PENDING_CHECK', 'ACTIVE', 300000.00, 7.12600000, NULL, '授权通过'),
('FW20260320001', 'MATURE', '2026-06-22 09:00:00', 1, 'ACTIVE', 'MATURED', 300000.00, 7.12600000, NULL, '远期交易到期'),
('SPOT202606250001', 'CREATE', '2026-06-25 08:30:00', 2, NULL, 'DRAFT', 200000.00, 7.11500000, NULL, '经办创建即期交易'),
('SPOT202606250001', 'CHECK', '2026-06-25 09:00:00', 1, 'DRAFT', 'PENDING_CHECK', 200000.00, 7.11500000, NULL, '提交复核'),
('FW202606250001', 'CREATE', '2026-06-25 09:00:00', 2, NULL, 'DRAFT', 400000.00, 7.18600000, NULL, '经办创建远期交易'),
('FW202606250001', 'CHECK', '2026-06-25 09:30:00', 1, 'DRAFT', 'PENDING_CHECK', 400000.00, 7.18600000, NULL, '提交复核'),
('OPT202605010001', 'CREATE', '2026-05-01 10:00:00', 2, NULL, 'DRAFT', 200000.00, 7.15000000, NULL, '经办创建期权交易'),
('OPT202605010001', 'AUTHORIZE', '2026-05-01 11:00:00', 1, 'PENDING_CHECK', 'ACTIVE', 200000.00, 7.1500000, NULL, '授权通过'),
('OPT202605010001', 'PREMIUM_SETTLE', '2026-05-03 10:00:00', 1, 'ACTIVE', 'ACTIVE', 4000.00, 7.12340000, NULL, '期权费结清');

-- ============================================================
-- 十一、审批日志
-- ============================================================

INSERT INTO fx_approval_log (trade_id, approval_node, approver_id, approver_name, approver_org, decision, decision_time, comment, before_status, after_status) VALUES
('SPOT20260620001', 'MAKE', 2, '张经办', '110000', 'APPROVE', '2026-06-20 09:30:00', '经办创建交易', NULL, 'DRAFT'),
('SPOT20260620001', 'CHECK', 3, '李复核', '110000', 'APPROVE', '2026-06-20 10:00:00', '复核通过', 'DRAFT', 'PENDING_CHECK'),
('SPOT20260620001', 'AUTHORIZE', 1, '系统管理员', '100000', 'APPROVE', '2026-06-20 10:30:00', '授权通过', 'PENDING_CHECK', 'ACTIVE'),
('FW20260320001', 'MAKE', 2, '张经办', '110000', 'APPROVE', '2026-03-20 10:00:00', '经办创建远期交易', NULL, 'DRAFT'),
('FW20260320001', 'CHECK', 3, '李复核', '110000', 'APPROVE', '2026-03-20 10:30:00', '复核通过', 'DRAFT', 'PENDING_CHECK'),
('FW20260320001', 'AUTHORIZE', 1, '系统管理员', '100000', 'APPROVE', '2026-03-20 11:00:00', '授权通过', 'PENDING_CHECK', 'ACTIVE'),
('SPOT202606230001', 'MAKE', 2, '张经办', '110000', 'APPROVE', '2026-06-23 10:15:00', '经办创建即期交易', NULL, 'DRAFT'),
('SPOT202606230001', 'CHECK', 3, '李复核', '110000', 'APPROVE', '2026-06-23 10:40:00', '复核通过', 'DRAFT', 'PENDING_CHECK'),
('SPOT202606230001', 'AUTHORIZE', 1, '系统管理员', '100000', 'APPROVE', '2026-06-23 11:00:00', '授权通过', 'PENDING_CHECK', 'ACTIVE'),
('FW20260620001', 'MAKE', 2, '张经办', '110000', 'APPROVE', '2026-06-20 10:30:00', '经办创建远期交易', NULL, 'DRAFT'),
('FW20260620001', 'AUTHORIZE', 1, '系统管理员', '100000', 'APPROVE', '2026-06-20 11:30:00', '授权通过', 'PENDING_CHECK', 'ACTIVE'),
('OPT202605010001', 'MAKE', 2, '张经办', '110000', 'APPROVE', '2026-05-01 10:00:00', '经办创建期权交易', NULL, 'DRAFT'),
('OPT202605010001', 'AUTHORIZE', 1, '系统管理员', '100000', 'APPROVE', '2026-05-01 11:00:00', '授权通过', 'PENDING_CHECK', 'ACTIVE');

-- ============================================================
-- 十二、保证金交易流水
-- ============================================================

INSERT INTO fx_margin_txn (margin_account_id, trade_id, txn_type, amount, balance_after, operator_id, operate_time, remark) VALUES
('MA20240001', 'FW20260320001', 'FREEZE', 150000.00, 500000.00, 2, '2026-03-20 10:00:00', '远期交易冻结保证金'),
('MA20240001', 'FW202606220001', 'FREEZE', 100000.00, 500000.00, 2, '2026-06-22 09:20:00', '远期交易冻结保证金'),
('MA20240002', 'FW202603250001', 'FREEZE', 100000.00, 300000.00, 2, '2026-03-25 14:00:00', '远期交易冻结保证金'),
('MA20240003', 'FW20260620001', 'FREEZE', 250000.00, 800000.00, 2, '2026-06-20 10:30:00', '远期交易冻结保证金'),
('MA20240004', 'FW202606250001', 'FREEZE', 200000.00, 200000.00, 2, '2026-06-25 09:00:00', '远期交易冻结保证金'),
('MA20240001', 'FW20260320001', 'RELEASE', 150000.00, 500000.00, 1, '2026-06-22 12:00:00', '远期到期释放保证金');
